Anticodon,Codon
AGC,GCT/GCC
CGC,GCG
TGC,GCA/GCG
ACG,CGT/CGC
CCG,CGG
CCT,AGG
TCG,CGA
TCT,AGA/AGG
GTT,AAC/AAT
GTC,GAC/GAT
GCA,TGC/TGT
CTG,CAG
TTG,CAA
CTC,GAG
TTC,GAA
CCC,GGG
GCC,GGC/GGT
TCC,GGA
GTG,CAC/CAT
AAT,ATT/ATC
GAT,ATC
TAT,ATA
AAG,CTT/CTC
CAA,TTG
CAG,CTG
TAA,TTA
TAG,CTA
CTT,AAG
TTT,AAA
CAT,ATG
GAA,TTC/TTT
AGG,CCT/CCC
CGG,CCG
TGG,CCA/CCG
TCA,TGA
AGA,TCT/TCC
CGA,TCG
GCT,AGC/AGT
TGA,TCA
AGT,ACT/ACC
CGT,ACG
TGT,ACA
CCA,TGG
ATA,TAT
GTA,TAC/TAT
AAC,GTT/GTC
CAC,GTG
TAC,GTA
NNN,NNN